-- MySQL dump 10.13  Distrib 8.0.23, for Linux (x86_64)
--
-- Host: localhost    Database: AttendanceDB
-- ------------------------------------------------------
-- Server version	8.0.23-0ubuntu0.20.04.1

/*!40101 SET @OLD_CHARACTER_SET_CLIENT=@@CHARACTER_SET_CLIENT */;
/*!40101 SET @OLD_CHARACTER_SET_RESULTS=@@CHARACTER_SET_RESULTS */;
/*!40101 SET @OLD_COLLATION_CONNECTION=@@COLLATION_CONNECTION */;
/*!50503 SET NAMES utf8mb4 */;
/*!40103 SET @OLD_TIME_ZONE=@@TIME_ZONE */;
/*!40103 SET TIME_ZONE='+00:00' */;
/*!40014 SET @OLD_UNIQUE_CHECKS=@@UNIQUE_CHECKS, UNIQUE_CHECKS=0 */;
/*!40014 SET @OLD_FOREIGN_KEY_CHECKS=@@FOREIGN_KEY_CHECKS, FOREIGN_KEY_CHECKS=0 */;
/*!40101 SET @OLD_SQL_MODE=@@SQL_MODE, SQL_MODE='NO_AUTO_VALUE_ON_ZERO' */;
/*!40111 SET @OLD_SQL_NOTES=@@SQL_NOTES, SQL_NOTES=0 */;

--
-- Table structure for table `active`
--

DROP TABLE IF EXISTS `active`;
/*!40101 SET @saved_cs_client     = @@character_set_client */;
/*!50503 SET character_set_client = utf8mb4 */;
CREATE TABLE `active` (
  `id` int NOT NULL AUTO_INCREMENT,
  `studentID` int NOT NULL,
  PRIMARY KEY (`id`),
  KEY `studentID` (`studentID`),
  CONSTRAINT `active_ibfk_1` FOREIGN KEY (`studentID`) REFERENCES `students` (`id`)
) ENGINE=InnoDB AUTO_INCREMENT=35 DEFAULT CHARSET=utf8mb4 COLLATE=utf8mb4_0900_ai_ci;
/*!40101 SET character_set_client = @saved_cs_client */;

--
-- Dumping data for table `active`
--

LOCK TABLES `active` WRITE;
/*!40000 ALTER TABLE `active` DISABLE KEYS */;
/*!40000 ALTER TABLE `active` ENABLE KEYS */;
UNLOCK TABLES;

--
-- Table structure for table `attendance`
--

DROP TABLE IF EXISTS `attendance`;
/*!40101 SET @saved_cs_client     = @@character_set_client */;
/*!50503 SET character_set_client = utf8mb4 */;
CREATE TABLE `attendance` (
  `id` int NOT NULL AUTO_INCREMENT,
  `date` date NOT NULL,
  `studentID` int DEFAULT NULL,
  `subjectID` int DEFAULT NULL,
  PRIMARY KEY (`id`),
  KEY `studentID` (`studentID`),
  KEY `subjectID` (`subjectID`),
  CONSTRAINT `attendance_ibfk_1` FOREIGN KEY (`studentID`) REFERENCES `students` (`id`),
  CONSTRAINT `attendance_ibfk_2` FOREIGN KEY (`subjectID`) REFERENCES `subjects` (`id`)
) ENGINE=InnoDB AUTO_INCREMENT=7 DEFAULT CHARSET=utf8mb4 COLLATE=utf8mb4_0900_ai_ci;
/*!40101 SET character_set_client = @saved_cs_client */;

--
-- Dumping data for table `attendance`
--

LOCK TABLES `attendance` WRITE;
/*!40000 ALTER TABLE `attendance` DISABLE KEYS */;
INSERT INTO `attendance` VALUES (2,'2021-04-13',3,31),(3,'2021-04-14',3,28),(4,'2021-04-14',3,29),(5,'2021-04-14',3,31),(6,'2021-04-14',3,27);
/*!40000 ALTER TABLE `attendance` ENABLE KEYS */;
UNLOCK TABLES;

--
-- Table structure for table `students`
--

DROP TABLE IF EXISTS `students`;
/*!40101 SET @saved_cs_client     = @@character_set_client */;
/*!50503 SET character_set_client = utf8mb4 */;
CREATE TABLE `students` (
  `id` int NOT NULL AUTO_INCREMENT,
  `enrollmentNo` bigint NOT NULL,
  `name` varchar(255) NOT NULL,
  `course` varchar(30) NOT NULL,
  `section` varchar(5) NOT NULL,
  `subjectID` int NOT NULL,
  `semester` int NOT NULL,
  `identity` blob NOT NULL,
  PRIMARY KEY (`id`),
  UNIQUE KEY `enrollmentNo` (`enrollmentNo`),
  KEY `subjectID` (`subjectID`),
  CONSTRAINT `students_ibfk_1` FOREIGN KEY (`subjectID`) REFERENCES `subjectList` (`id`)
) ENGINE=InnoDB AUTO_INCREMENT=4 DEFAULT CHARSET=utf8mb4 COLLATE=utf8mb4_0900_ai_ci;
/*!40101 SET character_set_client = @saved_cs_client */;

--
-- Dumping data for table `students`
--

LOCK TABLES `students` WRITE;
/*!40000 ALTER TABLE `students` DISABLE KEYS */;
INSERT INTO `students` VALUES (3,1514902018,'Arjun Bajaj','BCA','A',9,6,_binary '\0\0\0\0.K\Ù@Lä@\Ûz\Ê=≤\Áç?\0\0\0\0}q\n=¨\ÍO@\0\0\0\0\Â\Ì\“@\0\0\0\0\0\0\0\0\0\0\0\0C∫ß@C>\Í8?∑.\Ù>{D\‹<Ñæh@ö∑@\0\0\0\0\"g@\0\0\0\0\0\0\0\0\0\0\0\0¡\ı\‚?\ƒ}\ƒ>í.ë;\0\0\0\0lñ\n?\Óç\ƒ>\’\Ô\ @\0\0\0\0\0\0\0\0õû\"?Mcâ@\0\0\0\0\0\0\0\0A\Ôe>Xå)=\0\0\0\0\0\0\0\08®t>¥ÅØ9E7¥?}\Áí?\0\0\0\0\“9ä>\0\0\0\0XF\Õ=°nñ>\ﬂ_™?∂â@J•>º82@\0\0\0\0\0\0\0\0\0\0\0\0crx@%Öõ>°û-?\0\0\0\0]Ñ\”?\0\0\0\0¿˘?\ﬂ[@ﬂó=\“\Ëâ?™\;@{i	?\0\0\0\0\‚F=«á\Ô;!=\0\0\0\0\0\0\0\0\˜\ı™?A> @\'E\∆<\0\0\0\0\0\0\0\0\0\0\0\0*∞õ@\‹\Ó£?=\ˆ\…@H\ˆu@\0\0\0\0\0\0\0\0∂\‰*>\0\0\0\0\0\0\0\0-\ÿ>~\’?\0\0\0\0\Ù\Ìô?\0\0\0\0\0\0\0\0\⁄N\Z>\0\0\0\0\n\Ì@\0\0\0\0<ï˙<\0\0\0\0ºp>nS@\≈Jê>ñë\–@πR=\0\0\0\0K¡â<\0\0\0\0R|±@ab¡>ØGI>\0\0\0\0\0\0\0\0\0\0\0\0\0\0\0\0pRc@\0\0\0\0\ˆ˝\—>6ñ!=3DP=\0\0\0\0f≤z=ﬁö6>à2|;\0\0\0\0\0\0\0\0T°\–>\0\0\0\0nÄ$@\0\0\0\0bA\0\0\0\0\0\0\0\0kÑ	>!hª?\0\0\0\0\0\0\0\0Eñ\Ï?\0\0\0\0\0\0\0\0òK\Î=xñù>\0\0\0\0\0\0\0\0\0\0\0\0a\Î\»=à\›=\ËnA(\Á=\Ó\˜\Ê=VMÑ>\0\0\0\0\ˆπ•;ãõè?¢\‰=˘>-@\Ë∑P=\0\0\0\0\0\0\0\0aEh?3I\r=/nA.\\J@\„\Á6?\0\0\0\0U÷¥@\0\0\0\0\0\0\0\0\È\– @\‚îU@\0\0\0\0\Ã€ò@\0\0\0\0öΩ@\0\0\0\0X,?¿ü=\0\0\0\0\0\0\0\0tLñ@\\ù@\Û\Áz@GB\œ<\0\0\0\0\0\0\0\0\0\0\0\0\0\0\0\0\0\0\0\0˚É@\0\0\0\0\0\0\0\0=Æa@∏\…\‰?yìé>\0\0\0\0çô?ã\‰ñ@\0\0\0\0\0\0\0\0\0\0\0\0˚©\Ï<\0\0\0\0\'§A∞\√`@sc∂<%h?\€(±@\0\0\0\0\0\0\0\0\0\0\0\0\0\0\0\0≥Bd>\ﬁs@ÆEÑ<Ñà,?\0\0\0\0yú@E\—>áyn?\0\0\0\0ﬂä∞@VØT<\0\0\0\0v¨≤?\Õ˛j>\0\0\0\0\“zAtON@\0\0\0\01˚Ç@\0\0\0\0\0\0\0\0\0\0\0\0\0\0\0\0,Y?®t\Í=\0\0\0\0âyæ>\0\0\0\0\»{ö?/⁄ò@\0\0\0\0\0\0\0\0Ytt?\Zh@†’ñ@É\≈)>\0\0\0\0[è?fd¥?êä¶=ê\·>.y@\0\0\0\0ˇº?\0\0\0\0.\Íî@\Ï!Z?(î@2\œh@!ì?rA.+\\@(†?æ˚Å?•g`=\0\0\0\0\"\Õ?\Zîä=^y?@\ÚA?\r≈∏@?Æ=¢?ä=*¶n@\0\0\0\0\0\0\0\0\0\0\0\0\ÕNè>\0\0\0\0nº©=∫@\'¯\Ã>	˝`A\0\0\0\0H6>4|8>\·s\ﬂ?≤\ƒ[?\0\0\0\0\0±=‹è•@\˜{D?\0\0\0\0\0\0\0\0≤˝é<éU\'>ù\∆E<º/Ç=¥\«L?cöp?\√©=\0\0\0\0%k\€>k≥@\0\0\0\0wÉñ@¿DA\0\0\0\0h∫>\€\—e@\ÿ˙>π\»\Ô>H\'@≥\ﬁ\’>ad\ÿ@êrê?\ËÆ>˛P§@\›˛í>lï=∞ç\Ì?\0\0\0\0íè?Ag?cÅ@b\”>T\Íº?n\—@6™\‹;\«Gd>áàd>\0\0\0\0\0\0\0\0êOå?\0\0\0\0\r\›\˜=?\ﬂ?Éc5Ao£?\„q>\0\0\0\0\0\0\0\0à\”z=nl\⁄=\0\0\0\0\√\ÔaA\0\0\0\0\ÊÖ@ü≠(@©ÅÜ@\0\0\0\0®*\¬>¯j/@pã@©jA\ \Z\Á>\0\0\0\090f>ø¿?\0\0\0\0==/?öhˇ??há?y_\Ÿ>\0\0\0\0]@\0\0\0\0\Ú\‡>\0\0\0\0≤y!>\0\0\0\0\0\0\0\0\0\0\0\0\0\0\0\0\0\0\0\0TØ\»>\0\0\0\0\0\0\0\0á\È£>\0\0\0\0\»/Ö?t\—c?¢vî>É\»h?øsû?\‹@pî@\0\0\0\0òWÆ@(J=òH\n>Dµ¿>\0\0\0\0\≈/A\Ó˝>\€_@\0\0\0\0ïD?\0\0\0\0ô˚A@\0\0\0\0*•h>éß>\0\0\0\0\0\0\0\0\0\0\0\0/~?}\◊2=\0\0\0\0øÑm<\0\0\0\0\k?˚ë=\Ï\“?¥ò=\0\0\0\0\0\0\0\0°“∞<Ñ=\Ô•|?Jº#AZä@N:=?\0\0\0\0\0\0\0\0àj;∂h\ @\0\0\0\0\0\0\0\0{v\«@0F@\0\0\0\0yöº@7ó?*\">±ù?\0\0\0\0ô2ñ>ñA\0\0\0\0\≈\„\‘=\0\0\0\0\0\0\0\0\0\0\0\03jz@=∂Ñ?\È?-\\@∏,h=\ŸmV?J\›>\0\0\0\07•?\Á\Ô≠?\»@\‹?ò¡@\0\0\0\0\0\0\0\0*m4>\0\0\0\0T†?E=$=å ï>\0\0\0\0$¶=TZ?\0\0\0\0\·\Á>˚Rí@\0\0\0\0«¢y@\0\0\0\0c\Íç=\—c\\?M%@H¨ì?\0\0\0\0\0\0\0\0\0\0\0\0Q\r\Ì@\0\0\0\0E\r?\ˆ\\1Aï5X?2\‚ë@Æ\Ìñ?á!¶>•\’@[∑;∑ög?\0\0\0\0\0\0\0\0\0\0\0\0¨π:?˘\”:=!\◊\«@f∏û>v]±?O=a.\–?r	5?\Ú∞\·=ecß=¥gP?p_ß?\‘B@\0\0\0\0\…;\Á?\’\"\›@\0\0\0\0\0\0\0\0á*?\Õ˝_@\ŒUN?\0\0\0\0\0\0\0\0\0\0\0\0Yù?=\0\0\0\0\0\0\0\0;%•?\0\0\0\0òuå?\0\0\0\0ÕÆ≤?ª≤A,Œë?E4,>Tß¥>\„`Ñ=r\'@\0\0\0\0-Üã>\0\0\0\0;îE@{\\@]KÖ=\«\ˆ\Â=\0\0\0\0›∏l@õ\‹?¯ø\r@\0\0\0\0\0\0\0\0d\ıñ@7\Û˝>\0\0\0\0Qg©?\0\0\0\0òç˙<\0\0\0\0\0\0\0\0\0\0\0\0\0\0\0\0\Ï\rä>2L>í\Ò∞>\≈Pj?\0\0\0\0\0\0\0\0a_;g´\·<©@¡7∞;D[ë>\€ví=éAò˝\0Axè@\0\0\0\0\0\0\0\0à\Ÿ\n=-Ÿ•@\0\0\0\0ß´\‰?äkt=Jv\Ë@=G=\ﬂ\œ|?\Ÿ¢?ô\”\Â?\0\0\0\0ç\0É?92s>\0\0\0\0\÷˚8>\0\0\0\0\0\0\0\0´m}@•áM?\„@ùΩ?ù+=\Ï\ÔÑ>\0\0\0\0¸j\‹>lõ¡?\0\0\0\09<§>\0\0\0\0^\œ\Œ=•g:>C®Ä@\n>\"¢\0A\Z)à;ñ“ô=\ŒK≠@\Ó/ª=\0\0\0\0≤íÖ>ï+≠=\0\0\0\0\Ê|f?Tå\‹;\0\0\0\0\nnF=\0\0\0\0˝\Í<î*>™s<\0\0\0\0\‰?\÷\È£?çû.@\0\0\0\0e\Õ@\0\0\0\0\0\0\0\0HÕ±@\Z ∞=\0\0\0\0\0\0\0\0\0\0\0\0IR¢>\0\0\0\0¨6%@,@ãßA¸D\‘?∂\„˘<3jò@\0\0\0\0\0\0\0\08<?ê\ >:\>ùc¨>\0\0\0\0\0\0\0\0HW>\0\0\0\0f~?\n@8ˇ®?*•F>\0\0\0\0\0\0\0\0L;∑?\0\0\0\0+ê>\0\0\0\0•ä?#\\:\0\0\0\0ê¢@,©Ö@\0\0\0\0*îi?\0\0\0\0\0\0\0\0l¸\\?\„v+=¢:@\≈\‚?\0\0\0\0ßó@•\‰\√?\⁄Wt?\0\0\0\0(w?\0\0\0\0\ÎV\Ú@\0\0\0\0\0\0\0\0Y1>\0\0\0\0Ωv\\=∑t\Ã>xÅâ?\0\0\0\0\Û√¨@9Zø>\0\0\0\0≤¶@\0\0\0\0\0\0\0\0¡]@\0\0\0\02\‰<8g@ñ<§@ÆO+@6å@\0\0\0\0\0\0\0\0\0\0\0\0˛\Ó\"@cûP?\r`[<™fI?\Í\‰0@#fü@\0\0\0\0;~@\–\◊.@\0\0\0\0¨~\ =\·¿≤<\0\0\0\0\0\0\0\0HW?\Ú˛?\0\0\0\0\0\0\0\0_nÜ@1WÄ=9©R?\0\0\0\0eâ>\Ô\Êô@\0\0\0\0\«k<,`E>JA\Ù\√8A≤2@\0\0\0\0\0\0\0\0\0\0\0\0¢õ\◊?7≤?C®>ENΩ@™\Ú?™\ﬁ>„Ωã@\0\0\0\0\◊=P\Ë&=£&ú=\0\0\0\0\0\0\0\0aÅ±>÷¥:>Yß?\Z\„,@\Î9ä<\·j>G\\}=Ä˚@\0\0\0\0\0\0\0\0\Ó≥@\0\0\0\0VA\ı=¿À®<\0\0\0\0YN=\”uACv∞=Q\˜ˇ<b∞ñ@\0\0\0\0\0\0\0\0\0\0\0\0°≤6@\0\0\0\0+l3@#õA\ˆ}ò@\0\0\0\0Ω?π•?V\Á!?¥~A3\‡=\0\0\0\0äw<\0\0\0\0ò∏Ç;\0\0\0\0\0\0\0\0\0\0\0\0\0\0\0\0<F7Aì=™&@n/\Ë?âék=\0\0\0\0\0\0\0\0?hé;áS\Ë=\0\0\0\0µ¸AØX@0j>!q>\0\0\0\0	ßt?vf@f}\⁄?\0\0\0\0\0\0\0\0≤Äû@üv5<\0\0\0\0Pã@\0\0\0\0@Kà@9ê<\,>;=\0@n-?è™?¢J<@\0\0\0\0ä^>\0\0\0\0\0\0\0\0\0\0\0\0\0\0\0\0\0\0\0\0ÉΩu?\0\0\0\0\0Ÿã?\0\0\0\0\0\0\0\0\Õ[|>\0\0\0\0T\Â.<9\˚>˚\˜.>¶Gâ>É\·?Ü\Î>\0\0\0\0\0\0\0\0.?\0\0\0\0\√uA\0\0\0\0ä¥û@\0\0\0\0}çb@*≠¯?N#\⁄>Öz@\0\0\0\0\0\0\0\0\ÿŸï>\ÛiÆ>4\»>+à\‡=åÜ!@\0\0\0\0\À\r@ns\\?¥N•<\Ê\Œ>]J@\Ÿ\Ÿ>\0\0\0\0î\‚A? ô∑>«û=\Ê\Â?\0\0\0\0˘@Ñ?3A@\0\0\0\0íE\\>\0\0\0\0\0\0\0\0•úÅ?\0\0\0\0≤\Óñ>\ﬁ\ﬁ?Ø˘º@\0\0\0\0\ﬁl?o\·{>\"¶0?\0\0\0\0\0\0\0\0j6ô>4z=\0\0\0\0A=>\◊@˘t.@\ﬁ5ó:\÷\Í\≈>L2\«?\0\0\0\03î!=¨T,?Œ£=\0\0\0\0\0\0\0\0\0\0\0\0^\‹\Ù?\0\0\0\0ÿ∫_?\0\0\0\0ÆP>\0\0\0\0\ÊùIA\Ôñ\⁄@¿u@/¶8>8\√{>º1<\0\0\0\0ö#ü@ci9=c\‰*<QÄ@bë\Ó<*g?áùZ>]P\√@\0\0\0\0^><\"Sj@ö\”<\0\0\0\0\0\…\‰<\0\0\0\0¢\ÏaA\0\0\0\0ô\ŸV?+OY=åH@˝ƒ¶@\‚@\0\0\0\0=\ÿA≤O™>\0\0\0\0\0\0\0\0\Œ71@\0\0\0\0¡Öâ@πœà>¯;@\0\0\0\0Åå9@\¥f?ª\›@üw_?\0\0\0\0\Ï˘q>tñ>\0\0\0\0\0\0\0\00vT@˝}§?\ˆÄ;w≥M@\0\0\0\0\0\0\0\0\–\Âê@ñAo?\0\0\0\0\Í\Ïg@\È-#=\0\0\0\0{\ZW@\Ï\”¸?ü*¡@\0\0\0\0\0\0\0\0\0\0\0\0∞\˜\“@í\Ã\÷@\Ô˛≠={_A\0\0\0\0\Ÿÿπ;\Z/>\0\0\0\0\0\0\0\0\0\0\0\0M\ﬂ?¯òì>k&∏?<ü=≤\ı}?\0\0\0\0çº@v\œ\n@{9t>A\‚E=\0\0\0\0\0\0\0\0\€X¢<,\Ò¢<Y¥s@(@\·s\»>\"ê¯;\0\0\0\0y\œt=\0\0\0\0\0\0\0\0g\Âî?É\‹	?+?\œ<≤Xû?Gà¿>\0\0\0\0\0\0\0\0\0\ ;\0\0\0\0\0\0\0\0\0\0\0\0\Ù∫\Z@±\Á#?àCL?t¨ÇA\0\0\0\0á•?TÑ;\“\ˆ¶>ùSÅ@\n3]?YO?*y3>R\?k\◊Adb%@\0\0\0\0\Óün@,∑˘=\0\0\0\0pπ8>•¿=Iæ@\0\0\0\0@\⁄@ñ\Ú\ﬁ?\0\0\0\0\∑É?\0\0\0\0íe†@\—\0OAlâ>IeK@®T°>\0\0\0\0\0\0\0\0\0}\r?–≠?\0\0\0\0Ö˝\…=°v@\nQ^=ê\ÔY>\0\0\0\0I¿#<\0\0\0\0g2A\0\0\0\0n\√G?∏\—?\0\0\0\0\0\0\0\0\0\0\0\0\0\0\0\0ñ<Y@f\Ù@â\'à@\0\0\0\0êü\˜?Ä5V>ß~\Í<9\·);T¯@\0\0\0\0\0\0\0\0\0\0\0\0\0\0\0\0\0\0\0\0\0\0\0\0\F\0?\÷≥@\0\0\0\0YO;:N\"\r@q◊ñ>Cü˚?#˚\À@\Óy\Ù>ÄQ\√=âr=\Ÿ\ÿ\‰=U	\—>\Z;];\0\0\0\0\ˆò˘<\0\0\0\0\0\0\0\0\≈{@•,c@\Úv\Î@˚Ä\Ê:º>*\÷i<\0\0\0\0<å_?\ƒ\‰+@\0\0\0\0\0\0\0\0\0\0\0\0n à?{\ÿ?\0\0\0\0@}é@\0\0\0\0\Ù&@2\Ìd@\0\0\0\0\0\0\0\0}?M\«A>%/@\0\0\0\0\0\0\0\0∞1n@›Ω°@\0\0\0\0\0\0\0\0k\Òû>*\nå<H¡Ç@/\‹@°\˜*>\0\0\0\0\"A\Ì\˜Å@4©b@p[>\0\0\0\0áõ\ˆ?\0\0\0\0©Ñ=\0\0\0\0ô\rÜ?8Ç¢<\0\0\0\0%8\–?kâ\·@}gã@\0\0\0\0\0\0\0\0\”[@,g?\0\0\0\0º\Ÿ*@ã¯=\“\œAó\'>\0\0\0\0YÄ\Ã;<Ç\Ô>ˇ7ê>\0\0\0\0\0\0\0\0\0\0\0\0T«û?^%=M\∆\‹@\0\0\0\02i\>rîI@∑\ıf?\0\0\0\0(ïˇ?•ﬁ†@\0\0\0\0Q \Õ@§†>ä;Ç@\Á4É@\0\0\0\0x¶\‚@HAp>]dA?ør∫?\0\0\0\0<æw@\Ú¶|@\0\0\0\0V\”?\⁄_é<\0\0\0\0pk?\rò?\0\0\0\0	\€\”@ZâF=\0\0\0\0üˇ\Ó>\0\0\0\0\0\0\0\0\≈*ï?\«v\˜@X&<à∫\«=\0\0\0\0\0\0\0\0¶\Â˛?vU4>Yi∂@Ñ@û∞?\0\0\0\0\0\0\0\0\0\0\0\0\0\0\0\0à©õ?Lèo>ç\ﬂ4?\0\0\0\0m=\0\0\0\0\0\0\0\0\Õ\"∂>\0\0\0\0PÅ=/\n;d∂ó@\0\0\0\0\0\0\0\0ßiá=™w=™\\£@nu¶<ö˝?\0\0\0\0\0\0\0\0¨Üá@9°.A∏m†?JaA\0\0\0\0/\Ò¥>\…\rZ@\Œ\ﬁ?Aì@˝<v<J\⁄=™\Ï*@|\Òt>\ﬂ\ﬁn>a@?¸\›@\0\0\0\0yj.@p\n#>\0\0\0\0\0\0\0\0\0\0\0\0\ﬂÑAá.?}?;w\‰?\·æ\·@\Â^î>\0\0\0\0H¿^=\0\0\0\0àZBAk\’@¸óF>˝∑@\0\0\0\0\0\0\0\0\0\0\0\0P?˘^à@\≈Y\ﬁ=ü\⁄\Â?\Û-@nU\ÿ?k9\0@\0\0\0\0\√–ä@\0\0\0\0£\ÕAø\0O>J£\Œ@\0\0\0\0L\˜˘?êø<0E@\0\0\0\0a%h>\0\0\0\0\0\0\0\0o“å@\Á∑@\0\0\0\0£@@*≠(=\0\0\0\0≥«ª>•\‰´@xŸ±=∑5A@!\’\√?\ÚáA\0\0\0\0IA\–F\“=∞ú?\0\0\0\0\0\0\0\0\0\0\0\0Ä\‡õ?,à=\0\0\0\0˝öS>\0\0\0\0∏\’<˚ﬁ®>\0\0\0\0w\Èq>\0\0\0\0\0\0\0\0\0\0\0\0\0\0\0\0G<\—>É¨\Á?\√ A\0\0\0\0h=>=\0\0\0\0\0\0\0\0˝’∑>c”ó?6\Ó\÷@\0\0\0\02ñç>\0\0\0\0\0\0\0\0c¢Ø>\0\0\0\0ñ\—\ƒ?\0\0\0\0R\ÈÑ@¢<n\‡?Ü>\0\0\0\0\rC;>_é\Ê:¡\¬9?\€\Ò?›É\Ÿ@\‚\0\⁄?\0\0\0\0\0\0\0\0\0\0\0\0\ƒS:>E\Ò\Ó?˙@\0\0\0\0\0\0\0\0\Ô$æ?\0\0\0\0¥≥A\Õ\È\Z@_\˜Æ?8)1A\0\0\0\0GíY>P@Q>9s?\0\0\0\0\Ï[\Â@\0\0\0\0M≥9\0\0\0\0\0\0\0\0*\ﬂ?\0\0\0\0\0\0\0\0\0\0\0\0…ü\Ê?\0\0\0\0yBß?¡\‘\Ï>\0\0\0\0*åö:\0\0\0\0É\Œc<\0\0\0\0\0\0\0\0!_ñ@ Çò=ªœß=\0˝P?Ë≤≤@ßBA=\r\"@7¶	<\n\ÿ@\0\0\0\0\0\0\0\0˘◊¶@|î{>®ÇM>\0\0\0\0\≈\⁄>@\Œ.\ÿ>\0\0\0\0\0\0\0\0B\Ú@\0\0\0\0\0\0\0\0\0\0\0\0\0\0\0\0\0\0\0\0\0\0\0\0\ÓYB?\0\0\0\0\0\0\0\0\0\0\0\0\—4\Ú<_ê\Á?Ñ\—>\·;O=\Ó∑\Ó@Uˇ\Œ@≠\œAt<∫†<2l+>¸\Ï\Õ=\Ôc>\0\0\0\0eD=\ÚÖ:@Cï£?0H=\0\0\0\0\0\0\0\0àCñ@\0\0\0\0D#kA\Êæ\√@\0\0\0\0;\ÌÅ?¡˝@˝8@ööã?\Œ*º=D\’\·>Ñã=¿UÄ@ø\“N?	I=(\‡\r?\0\0\0\0\\\\Ÿ<Ä\…@X\‡ç@\0\0\0\0<E9=?•?\0\0\0\0\0\0\0\0G=\“?4N\Z;\"ù\»?\0\0\0\0sO?\ﬂ%±>=\Ù?\0\0\0\0\0\0\0\0\0\0\0\0ÉO\∆>#\ÙX<Z(ú=\0\0\0\0\'…¥@¸¥?\0\0\0\0Åãè=+û>\è@E2@\0\0\0\0¡´˘:\0\0\0\0\…}@‡®£@\0\0\0\0Zù\÷=Æv=\0\0\0\0AA\0\0\0\0/R7?Ç\—>ál˛>\0\0\0\03HÉ<\0\0\0\0\0\0\0\0\0\0\0\0\0\0\0\0\Ã\»F>\0\0\0\0ºjÑ<\0\0\0\0\0\0\0\0\0\0\0\0\0\0\0\0Öm\Î:è≤?\0\0\0\0\0\0\0\0\0\0\0\046w>\0\0\0\0\Â≠\">\Œ\˜∂>\…Us<ùhc>bk@∞\r\ﬂ?¿?l=\0\0\0\0N\“j=\0\0\0\0#¨<\Î\œ=\0\0\0\0\ÔÑ(@\Î8\ÿ@ç\ÌÇ>\0\0\0\0íªR@\0\0\0\0\0\0\0\0–∏@\0\0\0\0\0\0\0\0/,\À;\0\0\0\0ù è?0\›vAíπS?—∞l<°\Áâ=\Úóá>t\‘<âe©?êå@òÖD@µ@\Ê\∆4=\"/\‘=\0\0\0\0¶¨@@ˇ∞êAËπÉ?åå\Z@\0\0\0\0R\ıA\0\0\0\0\0\0\0\0˚\√\'@AÄπ@°\À\0@h∑\–;HïUA]G/?∫5ê=\0\0\0\06®n=ø\·g<œï@x%õ=éØø;¨9°@\Ù}¶=\0\0\0\0]:\Z?\"{E=Q,?\0\0\0\0n(@\0\0\0\03\ˆAA\0\0\0\0\0\0\0\0\—\ÂS>\«T\rAêßl@\0\0\0\0\0\0\0\0\Î_u@\0\0\0\0∞?\Ê\Ÿ@?^\‘\ı?\0\0\0\0\0\0\0\0£åL?ä\0°<“ßØ?4©\Ò=v®\€=\0\0\0\0\0\0\0\0-ö ?\0\0\0\0äF{?‘ê<\0\0\0\0\0\0\0\0	ﬂà=ó˝@¶DD<9æ?v†=wD>îAíS∞?Ê¶µ>\0\0\0\02≤@\ﬂ@\0\0\0\0ò\‚y:\0\0\0\0\0\0\0\0rÇSA\0\0\0\0\0\0\0\0\Ú\Ì!@\0\0\0\0\Î	)>\0\0\0\0\0\0\0\0:ô@\0\0\0\0πhï?\0\0\0\0¿:ï@ë(H>N\Ê\’>nqÅ@\0\0\0\0\ÔûQ>%ùY>\Î3Q>\0\0\0\0¶X*?N\ı*@\0\0\0\0\0\0\0\0\0\0\0\0TΩ\0=\0\0\0\0\0\0\0\0\0\0\0\0\0\0\0\0T~\≈;µ@èÇ=^N8\0\0\0\0\0\0\0\0¸\ƒ5?v/•?2ç?ßC˙=\0\0\0\0p\?¨!==ò¡@\0\0\0\0πn∞@ΩÉ∏??◊≥@\0\0\0\0í\"u=£Æ-@ë°ˇ?∂\‹\„>\0\0\0\0\0\0\0\0sd\Í?\0\0\0\0\ˆw>?\0\0\0\0\0\0\0\0õ˚>ë\Œ\”?\0\0\0\0ê.h=˝\≈}=\0\0\0\0Ä\‹Y>\0\0\0\0\0\0\0\0n\·®@\Q=\0\0\0\0\Óx≥?#O}=\0\0\0\0Z\∆>~&õ@\0\0\0\0\0\0\0\0Z@˙é@\0\0\0\09qˇ;\0\0\0\0\0\0\0\0\0\0\0\0\0\0\0\0\Àñ@îí?Å\)?\0\0\0\0\0\0\0\0\√\œ=R»Ç>*6;\„åi=\0\0\0\0Öñ\“?\›\Ê>MEV?R7\Û@n\ÔE?\0\0\0\0™\ÔÉ>ãá?õ*\0AN3.>\0\0\0\0\0\0\0\0\0\0\0\0í˚=®\ˆ<ö≥\–=û|=\…\—@ßô>ñ,<>\0\0\0\0\Œ\Á/>ØMü?˘˛o@I2s>¨,é@\0\0\0\0)Ÿô=çÅP=_\Ûé>\0\0\0\0Y\—a?õ[>\0\0\0\0Y∂@q~?\0\0\0\0\0\0\0\0\0\0\0\0¿Ö`@≤kª=\0\0\0\0,≤s?*	@h\Ô¨<2ú/A\0\0\0\0§\n&=\0\0\0\04Bè?R$è?à5ë?\0\0\0\0\0\0\0\0\0\0\0\0\0\0\0\0\ÛL[@p@\Õ@QÑ\‚?\Ô\Â\‚@ï\Õ\Ù<\0\0\0\0?\ˆ|@@\0\0\0\0˘\\=A\0\0\0\0\0>\‘=*@\0\0\0\0\ﬂ˙i@å˘\Î=h£?\0\0\0\0Hˇ\≈?\0\0\0\0´q5>Éy\‘>a¸>\0\0\0\0∞\Ó&?\0\0\0\0\Ïé\Ÿ?\0\0\0\09ç?\÷\›?\0\0\0\0∑\ˆ@\0\0\0\0´A\÷>\0\0\0\0\0\0\0\0¿‹ó=pQë?\n®\‡;A\Ô\Ù;\0\0\0\0j±@\¬<\0\0\0\0ä\Û@\0\0\0\0®\n\n>\0\0\0\0Q`\"Aº\—	=¢Ñ4@:\ˆ>ç\‰:?\0\0\0\0V\Í?º¥K;\0\0\0\0\Áy>=†ç?\0\0\0\0•\“P?Lìr?_wÉ@,\‚\ˆ?\0\0\0\0¨ë}@\ÙA\ƒ¿\≈<\0\0\0\0?m.>\0\0\0\0}\Ó®>\Ó\‡é?\0\0\0\0\0\0\0\0\0\0\0\0ù6Q>\⁄Ib?0\n\Ù?\Zå∑@_\Ù@o@2r>öΩ.>\0\0\0\0\0\0\0\0\≈(AJ\⁄{;\0\0\0\0	Ω=\0\0\0\0\0\0\0\0Y1=\0\0\0\0¿\∆=]\‰\Ú?påD@¿ì\Ó>€ê\Â>\0\0\0\0\„\Á>\0\0\0\0ÅÉ>¸|ê@,\‚>\Ó%?\·.\˜@\0\0\0\0\0\0\0\0öv≠=,\›[==<\Ã\Áì?ç]8@\ŸJg=¸öå?;â=\”Aù?sK\‘=n¡>å\’@å@\0\0\0\0\0\0\0\0e\’T>\0\0\0\0\0lw<\0\0\0\0\ﬁt\Œ<[$\‘@∑¢á?MA!?PU/@\0\0\0\0lî=í|±@\0\0\0\0\0\0\0\0ñbª<\nä>\0\0\0\0ñ\„;\0\0\0\0|ÇE=9o@\0\0\0\0\0\0\0\0°%i?,Y4@ôì\Î?0-{@\Î\ÿ<\0\0\0\0°\Â≥>\0\0\0\0\0\0\0\0\0\0\0\0\≈ º?°≥Y@\0\0\0\0Y0\€;qñí?tKö>ø´C;8§\n?@\≈\—@T˛^?∏.¨@\0\0\0\0\0\0\0\0\\∆B?ñ\Ã\Ó=\”Y>\0\0\0\0\≈\'Å?\0\0\0\0 ü\n?\0\0\0\0EÖÖ>ïí?ﬂúb?\0\0\0\0g\Ûê?ô\X>˚\œB@\0\0\0\0Y2r@°92?\Úü\Z>{lB@\Ù4å?∞©>\0\0\0\0\0\0\0\0c\Î\·?hmá=\0\0\0\0t|\ƒ?\0\0\0\0\0\0\0\0\0\0\0\0\0\0\0\0\0\0\0\0\0\0\0\0\Òe?\0\0\0\0\“E®@dB>\0\0\0\0\0\0\0\0\0\0\0\0¡c@í\›>† 	AÑ\ÿ\Â@π<!>\Û41@\0\0\0\0´\Ì\Ú?h˘=\0\0\0\0}\œ>\0\0\0\0[\«>¨è,?˝ªÇ>ê\ËÇ>\0\0\0\0\0\0\0\0\·ß;N\‡à>≤@\=M¯\À<(\›	>\Ú?\≈=ñ>¨÷É>');
/*!40000 ALTER TABLE `students` ENABLE KEYS */;
UNLOCK TABLES;

--
-- Table structure for table `subjectList`
--

DROP TABLE IF EXISTS `subjectList`;
/*!40101 SET @saved_cs_client     = @@character_set_client */;
/*!50503 SET character_set_client = utf8mb4 */;
CREATE TABLE `subjectList` (
  `id` int NOT NULL AUTO_INCREMENT,
  `subjectList` varchar(255) DEFAULT NULL,
  PRIMARY KEY (`id`)
) ENGINE=InnoDB AUTO_INCREMENT=10 DEFAULT CHARSET=utf8mb4 COLLATE=utf8mb4_0900_ai_ci;
/*!40101 SET character_set_client = @saved_cs_client */;

--
-- Dumping data for table `subjectList`
--

LOCK TABLES `subjectList` WRITE;
/*!40000 ALTER TABLE `subjectList` DISABLE KEYS */;
INSERT INTO `subjectList` VALUES (1,'Maths_1, TC, ICIT, Physics, C'),(2,'Maths_2, POM, DE, DS, DBMS'),(3,'Maths_3, CA, FEDT, POA, C++'),(4,'Maths_4, WT, Java, SE, CN'),(5,'CG, Ecom, OS, BE'),(6,'CG, Ecom, OS, ST'),(7,'CG, Ecom, OS, PHP'),(8,'DWH & DM, MC, Linux, NS'),(9,'DWH & DM, MC, Linux, AI');
/*!40000 ALTER TABLE `subjectList` ENABLE KEYS */;
UNLOCK TABLES;

--
-- Table structure for table `subjects`
--

DROP TABLE IF EXISTS `subjects`;
/*!40101 SET @saved_cs_client     = @@character_set_client */;
/*!50503 SET character_set_client = utf8mb4 */;
CREATE TABLE `subjects` (
  `id` int NOT NULL AUTO_INCREMENT,
  `name` varchar(255) NOT NULL,
  `subjectList` int DEFAULT NULL,
  PRIMARY KEY (`id`),
  KEY `subjectList` (`subjectList`),
  CONSTRAINT `subjects_ibfk_1` FOREIGN KEY (`subjectList`) REFERENCES `subjectList` (`id`)
) ENGINE=InnoDB AUTO_INCREMENT=32 DEFAULT CHARSET=utf8mb4 COLLATE=utf8mb4_0900_ai_ci;
/*!40101 SET character_set_client = @saved_cs_client */;

--
-- Dumping data for table `subjects`
--

LOCK TABLES `subjects` WRITE;
/*!40000 ALTER TABLE `subjects` DISABLE KEYS */;
INSERT INTO `subjects` VALUES (1,'Maths_1',1),(2,'TC',1),(3,'ICIT',1),(4,'Physics',1),(5,'C',1),(6,'Maths_2',2),(7,'POM',2),(8,'DE',2),(9,'DS',2),(10,'DBMS',2),(11,'Maths_3',3),(12,'CA',3),(13,'FEDT',3),(14,'POA',3),(15,'C++',3),(16,'Maths_4',4),(17,'WT',4),(18,'Java',4),(19,'SE',4),(20,'CN',4),(21,'CG',5),(22,'ECOM',5),(23,'OS',5),(24,'BE',5),(25,'ST',6),(26,'PHP',7),(27,'DWH & DM',8),(28,'MC',8),(29,'LINUX',8),(30,'NS',8),(31,'AI',9);
/*!40000 ALTER TABLE `subjects` ENABLE KEYS */;
UNLOCK TABLES;

--
-- Dumping routines for database 'AttendanceDB'
--
/*!40103 SET TIME_ZONE=@OLD_TIME_ZONE */;

/*!40101 SET SQL_MODE=@OLD_SQL_MODE */;
/*!40014 SET FOREIGN_KEY_CHECKS=@OLD_FOREIGN_KEY_CHECKS */;
/*!40014 SET UNIQUE_CHECKS=@OLD_UNIQUE_CHECKS */;
/*!40101 SET CHARACTER_SET_CLIENT=@OLD_CHARACTER_SET_CLIENT */;
/*!40101 SET CHARACTER_SET_RESULTS=@OLD_CHARACTER_SET_RESULTS */;
/*!40101 SET COLLATION_CONNECTION=@OLD_COLLATION_CONNECTION */;
/*!40111 SET SQL_NOTES=@OLD_SQL_NOTES */;

-- Dump completed on 2021-04-14 17:00:04
